{"repoSenseVersion":"29b9f5fbd7","reportGeneratedTime":"Sun Mar 16 07:49:50 2025 UTC","reportGenerationTime":" 0.27 second(s)","zoneId":"Etc/UTC","reportTitle":"RepoSense Report","repos":[],"errorSet":[{"repoName":"nus-cs3203/cs3203-2420-cs3203_02[HEAD]","errorMessage":"Failed to clone from https://github.com/nus-cs3203/cs3203-2420-cs3203_02.git"},{"repoName":"nus-cs3203/iamdb-fe[HEAD]","errorMessage":"Failed to clone from https://github.com/nus-cs3203/iamdb-fe.git"}],"sinceDate":"2025-02-16","untilDate":"2025-03-16","isSinceDateProvided":false,"isUntilDateProvided":false,"supportedDomainUrlMap":{"NOT_RECOGNIZED":{"BRANCH":"","REPO_URL":"UNSUPPORTED","BASE_URL":"UNSUPPORTED","HISTORY_PATH":"","COMMIT_PATH":"","BLAME_PATH":""},"github":{"BRANCH":"tree/$BRANCH","REPO_URL":"https://github.com/$ORGANIZATION/$REPO_NAME/","BASE_URL":"https://github.com/","HISTORY_PATH":"commits/$BRANCH/$FILE_PATH","COMMIT_PATH":"commit/$COMMIT_HASH","BLAME_PATH":"blame/$BRANCH/$FILE_PATH"}},"isAuthorshipAnalyzed":false}
